{"train/loss": 2.4218, "train/learning_rate": 0.0, "train/epoch": 1.0, "train/global_step": 5215, "_timestamp": 1720479439.8456354, "_runtime": 11993.09772348404, "_step": 5215, "train/train_runtime": 11994.7624, "train/train_samples_per_second": 3.478, "train/train_steps_per_second": 0.435, "train/total_flos": 10354070937600.0, "train/train_loss": 2.813297102103869, "_wandb": {"runtime": 11998}}