{"train/loss": 0.1928, "train/learning_rate": 0.0, "train/epoch": 1.0, "train/global_step": 395, "_timestamp": 1720624061.6000173, "_runtime": 1436.5819764137268, "_step": 395, "train/train_runtime": 1438.0626, "train/train_samples_per_second": 2.195, "train/train_steps_per_second": 0.275, "train/total_flos": 872293294080.0, "train/train_loss": 0.8474235021049463, "_wandb": {"runtime": 1441}}