{"train/loss": 0.7442, "train/learning_rate": 0.0, "train/epoch": 1.0, "train/global_step": 5215, "_timestamp": 1720546537.572188, "_runtime": 66880.6699488163, "_step": 5215, "train/train_runtime": 66882.127, "train/train_samples_per_second": 0.624, "train/train_steps_per_second": 0.078, "train/total_flos": 14318706647040.0, "train/train_loss": 0.970790274122646, "_wandb": {"runtime": 66886}}