{"train/loss": 0.1947, "train/learning_rate": 0.0, "train/epoch": 1.0, "train/global_step": 395, "_timestamp": 1720555292.8107994, "_runtime": 5572.089698314667, "_step": 395, "train/train_runtime": 5573.7736, "train/train_samples_per_second": 0.566, "train/train_steps_per_second": 0.071, "train/total_flos": 1206299615232.0, "train/train_loss": 0.36290159673441813, "_wandb": {"runtime": 5580}}