{"train/loss": 0.189, "train/learning_rate": 0.0, "train/epoch": 1.0, "train/global_step": 395, "_timestamp": 1720549513.6424778, "_runtime": 1507.9122717380524, "_step": 395, "train/train_runtime": 1509.6174, "train/train_samples_per_second": 2.091, "train/train_steps_per_second": 0.262, "train/total_flos": 872293294080.0, "train/train_loss": 0.36373749361903984, "_wandb": {"runtime": 1516}}