{"train/loss": 0.1923, "train/learning_rate": 0.0, "train/epoch": 1.0, "train/global_step": 395, "_timestamp": 1720629728.6630838, "_runtime": 5471.902657747269, "_step": 395, "train/train_runtime": 5473.3785, "train/train_samples_per_second": 0.577, "train/train_steps_per_second": 0.072, "train/total_flos": 1206299615232.0, "train/train_loss": 0.3632502247921274, "_wandb": {"runtime": 5480}}